ChannelName,ChannelLink
OpeninApp,https://www.youtube.com/channel/UCIGDcUqL2kKMdJCpIr_dfxg
ASIF OMAR,https://www.youtube.com/channel/UClSse6Ecr9J5M4UNdesvOFw
YouTuition,https://www.youtube.com/channel/UC-72nm3oWPVpsXmNtKfYYIQ
HELP DRIVE FOUNDATION,https://www.youtube.com/channel/UCflDuDODg5nI0lRWc2RzYeQ
Wowbro Entertainment,https://www.youtube.com/channel/UCNp_duFnIcvzsaz0WG7DYeQ
Tegonity.Com,https://www.youtube.com/channel/UCV0cVX5p4nlgow146rovsaA
Rowdy Rati,https://www.youtube.com/channel/UCFwHV8FqOBdaWYBPjTTNkng
Roshan Yadav ,https://www.youtube.com/channel/UCjgd9P6kXQzEeLrKJsppkfA
Coding Shuttle by Anuj Bhaiya,https://www.youtube.com/channel/UCuTa8evA9UsVvJzEkCtogvg
Barkha Paswan,https://www.youtube.com/channel/UCxrrzOZA73EyTQpqLnrWXcA
amir farzam,https://www.youtube.com/channel/UCXJcxvuz-YBttqe5vofmTuA
Esshanya S Maheshwari,https://www.youtube.com/channel/UCZwU4LZHO1xY4RHdjtBWGhA
Angel‚Äôs Kitchen,https://www.youtube.com/channel/UC0Y2hFSD99tkL2orUz7A6cA
PrasadLifeStyle,https://www.youtube.com/channel/UCKk2f4aRbSCifjCRgRj8Rkg
PrasadTheGamer,https://www.youtube.com/channel/UCwBm0UwyYn7H4wcKc3xtjFw
Livingalittle,https://www.youtube.com/channel/UCGnGqZI7ePVTr82JFupXSwg
9Mclasses,https://www.youtube.com/channel/UCjhTuZQe0dY5pQf_q7PvSuA
OPG ANUSKA,https://www.youtube.com/channel/UCjO88eXo6IXKApTE01PvRGQ
Life of an Immigrant,https://www.youtube.com/channel/UCvN3kXmfPk02huCw1xg9rpQ
Swarnim Gawade,https://www.youtube.com/channel/UCYaVUy0LQ6GS5IGS4aC4ToA
Vanakkam Foodie,https://www.youtube.com/channel/UCCOe9IdP2Xw5Ka9zbc_bb3w
Cricket Tak,https://www.youtube.com/channel/UCoDQ6kFYfl8j2_2kVORl60Q
PROFUNDUS,https://www.youtube.com/channel/UCzR3_1T0fOOfY-FJqdSME9g
Nyro Film and Design,https://www.youtube.com/channel/UCNGnm8am7AdVtvSyCLlhXgQ
zalem_yt,https://www.youtube.com/channel/UCznBVy_xBjuY9Vv_pkDbH3w
Saurav Vlog1k,https://www.youtube.com/channel/UCFGrEhgtHWnGUB94D5rHGBg
Hesam 3hm,https://www.youtube.com/channel/UCQGMvVBFOXtjeZd7x7kHHYg
Shiva Ji vlogs,https://www.youtube.com/channel/UCnCWl1QJos71tezjWIXRzZA
The PWian Guy,https://www.youtube.com/channel/UCOu475QHfhEGy2C3MuSWbDw
iraniplayer,https://www.youtube.com/channel/UCHRlLCGGZmj-08fItU36YvQ
XTORD,https://www.youtube.com/channel/UC1Sa_cuvfDuzNeCd4EOTgbQ
Hardik OnAir,https://www.youtube.com/channel/UCMaensdBF24DDatUGDKLZgA
Mikki,https://www.youtube.com/channel/UC3PwD093CsVsuRFHKnWTBLw
bikernomad,https://www.youtube.com/channel/UCe-KfskpbXAXJpbyRKF7Z3A
Sanjay Yadav Gamer,https://www.youtube.com/channel/UCnmaIFONK5ZJtm3qWGvKrNw
The World Of Science Hindi,https://www.youtube.com/channel/UCZ__zw68cWobReA1Q34arKQ
DeadGrenade,https://www.youtube.com/channel/UCUk2RNwo_VimHd6drGhjl3Q
My Self ViVek Raaj,https://www.youtube.com/channel/UC2iLrhA_xMuHvTOW4a3lMgg
SJ 3D Artwork,https://www.youtube.com/channel/UCXnLifM9Bs917ITiLOnQnrw
Raas Music,https://www.youtube.com/channel/UCT6VGjzYd7j4ZCAS1vzc8DQ
ùóîùóØùóµùó∂ùóªùóÆùòÑ ùó•ùóÆùóªùó∑ùóÆùóª ùó¶ùóøùó∂ùòÉùóÆùòÄùòÅùóÆùòÉùóÆ,https://www.youtube.com/channel/UCwFPi9k3OOiTtAEgiB88sXg
GOURAV,https://www.youtube.com/channel/UCt2fgeyCPQmIk-GaPbtOTDw
THE HP 36,https://www.youtube.com/channel/UC9ZFydnBKqXfRQaS2rcph_Q
Fungamiing ,https://www.youtube.com/channel/UCq9iu5m4O7_gGVZzVH4iELA
Raigarh City,https://www.youtube.com/channel/UCfKUtkVGcpSX7pmlAPCasvA
SOLSOTHEBEST,https://www.youtube.com/channel/UCFQzl89P1a0AjwUMhnb6eqA
Shreeram Official,https://www.youtube.com/channel/UCHkPdxaoNNZL2nopjn8fpiw
Healthy Raho,https://www.youtube.com/channel/UCkIEiYUsCrAVWvzh4-ikQhw
missadvocatevlogs18,https://www.youtube.com/channel/UCmOgQj8nPBGSC-Ukuw409ZA
Exploring Market with Suraj,https://www.youtube.com/channel/UCzbmf8i2zjoH7qJ7Ze46oRA
SiriGod Gaming,https://www.youtube.com/channel/UCc4ee5CkKgz26F6qlo8ap1Q
Exploring Market with Suraj,https://www.youtube.com/channel/UCzbmf8i2zjoH7qJ7Ze46oRA
Bharat Matters,https://www.youtube.com/channel/UCfyKboFKRNkpg9tvdfCKn8A
Hamza Gill Vlog,https://www.youtube.com/channel/UCuuQK5whlaMC1KTFGy_qFWQ
DACOIT 3.0,https://www.youtube.com/channel/UCCb-PR3Z-Gnc7ALqNyT_4Qg
Shree Vlogs,https://www.youtube.com/channel/UCyyp_L6q0ghWM535v9Jke6g
Rishu's Squad 2.0,https://www.youtube.com/channel/UCBVJujdfYisnCWjy_AUgMBQ
dreamlifeone,https://www.youtube.com/channel/UC4PuQWfEZsgj71tUI1cTZag
Piyush Vidhate ( ‡§™‡§ø‡§Ø‡•Å‡§∑ ‡§µ‡§ø‡§ß‡§æ‡§§‡•á ),https://www.youtube.com/channel/UCPVhK6_gXEnZvI6ppUJR59Q
dbs winner,https://www.youtube.com/channel/UCKisipIixEnFI8zkhSs-WzQ
Sachin LMG,https://www.youtube.com/channel/UCu3vx7vKJbZjB4Us9P1sWwA
Angel's Shivam,https://www.youtube.com/channel/UCekRT2J0fmGlJZ1vr4Pfq8w
Gurukulplus,https://www.youtube.com/channel/UCwNmlNjr3LXNdkBfxZ2Z49g
Prashant Boddh,https://www.youtube.com/channel/UCyPHeGGnDKcdY7g0nGB4hLA
ULTRONGAMING03,https://www.youtube.com/channel/UCxbZS-eEncB_MUj_osRP89Q
G love editing ,https://www.youtube.com/channel/UCFmUuJNIgxHKqzs3cpCablA
Advika Singh,https://www.youtube.com/channel/UCMMSgGr3voFUqS1xYaBVaYQ
KunalLifts,https://www.youtube.com/channel/UCW8XX3BJyRmAGaAVahLLkhw
Rohit x blog n,https://www.youtube.com/channel/UCM3m1rjVmAk9IJGnIjYkR-Q
Chaturvedys.,https://www.youtube.com/channel/UC9xZ4-d1kNbR4tYeOd1qJvg
Husna YT,https://www.youtube.com/channel/UC0vEITpjAWMaHmwD7Y8yexQ
Subbhankar Pal,https://www.youtube.com/channel/UC6dex0UKATJFAp_qPJy6jbw
Roasting Amara,https://www.youtube.com/channel/UCnQaKUxOz71_Jm5NuFYEvTw
Jaigo Gill,https://www.youtube.com/channel/UCcHptRHnLtvF9swMoiSQ8jA
Filmi Videos Short 1M,https://www.youtube.com/channel/UClBMTtSQGJJEe1WFGQZaclg
Vrundavan Gir Gaushala,https://www.youtube.com/channel/UCWHOq0gCltm7-S6FGLiQ8XQ
MrLucas,https://www.youtube.com/channel/UCTIWix8imBCtAKmYMad5f_A
Shubham salame 750,https://www.youtube.com/channel/UCuLiHsfAiK6Rjf02LZSeIjQ
STORM 400,https://www.youtube.com/channel/UCIT7rx8W4hxruHVxM0kO8Xg
SONG UNDER ,https://www.youtube.com/channel/UCo47e9aiI-AZ_74N7OBYg2Q
Ranjan Sarkar,https://www.youtube.com/channel/UCpD5yLMdABjP_Aw-MxjAfbA
DSA,https://www.youtube.com/channel/UClOQrZIZQZojI3CmJ3jC2eg
Prasadtechintelugu,https://www.youtube.com/channel/UCb-xXZ7ltTvrh9C6DgB9H-Q
BOB & KOMAL,https://www.youtube.com/channel/UCJPJe1WSn5Mc6CR5J-Ku4Lg
Tushar‚Äôs lifestyle ,https://www.youtube.com/channel/UCn-eQgBLmymvGWQAIYu1awg
PRINCE SHARMA VLOGS,https://www.youtube.com/channel/UCcr5MCRY5jpKISge-4mjUXA
AM,https://www.youtube.com/channel/UCXDno5jKIHJCv3QMeR6UYzQ
L_V Sigma Talks,https://www.youtube.com/channel/UCViWK51ChAgnkoj9k077lgQ
ùëπùíÇùíâùíñùíç ùíåùíâùíÇùíìùíÇùíÖùíä ùíóùíçùíêùíàùíî,https://www.youtube.com/channel/UCJOeCRcgTm2E-bN1Yh5631w
BatelaBaaj,https://www.youtube.com/channel/UCf6z4KaLYudEjrgXqDgl-3w
kartik lalera 01,https://www.youtube.com/channel/UCCRu1hf3VkV0DXS2Hcf3L_A
"Aarzoo,IIIT-B",https://www.youtube.com/channel/UClFxYHHykViVjthKmtlmi9w
BIZON GAMER,https://www.youtube.com/channel/UCyOW3Yn8fqMyxuaUJVL0DZg
ice minds,https://www.youtube.com/channel/UCucfqRKRqb4Z_VTybzQW8cw
UP13 FITNESS ZONE,https://www.youtube.com/channel/UCL4IQIkrIVjpuAWLGusoxVw
BABA ELECTRICIAN,https://www.youtube.com/channel/UC5b5dOwNVGwO_v8zLAc466Q
Content illa Mamey,https://www.youtube.com/channel/UC0seixKXNAJj0fyMoUpK6pA
InfoNepal100,https://www.youtube.com/channel/UCgtCC6_ZOexCUybEHk3CbYQ
Tushars World,https://www.youtube.com/channel/UCK8wU-vSG7XffJQKSyrwmYw
SOE Bangla,https://www.youtube.com/channel/UCiPl4IdrqeGoWPBXGF6KcBw
Amazing 99,https://www.youtube.com/channel/UCS7KM8bHo16y5QQbNMUc5vQ
Manisha Karmakar,https://www.youtube.com/channel/UCT3TSwLLzogmaLgdF39G5EQ
YUVI MEENA VLOGS,https://www.youtube.com/channel/UCYp7t1f8VioP26Epf-gky3A
Salman Khan,https://www.youtube.com/channel/UCcPJjQMhqzC7fGfGCENugfA
Prafull MBA CHAI WALA,https://www.youtube.com/channel/UCWP4FTfQYQ5kaNzfUaiZT9A
Mayank Verma,https://www.youtube.com/channel/UCsAGIQ25TSlJ7qDjHEeqO-A
Kp Vlog Silchar,https://www.youtube.com/channel/UCgluDv6JH46IdEdoeIDwBnw
Gyaan-Du,https://www.youtube.com/channel/UCwbkNAH62_rGBg7ahb7TXpw
Kantent Kaak ,https://www.youtube.com/channel/UCbKvhMT0pDGlePamf1Ak7Fw
Mijuriba,https://www.youtube.com/channel/UCukJlWi_KD2sXSJ451aQnZQ
Solid Gamer,https://www.youtube.com/channel/UC54mbO4VUeghDLgGyXLbAhA
Baleno Rider ,https://www.youtube.com/channel/UCAAgy0Btgp6DlZqij1JP1Zw
Nikkhhil Dusane,https://www.youtube.com/channel/UCVVZUPtWRHvc5zIKpQvxNCg
Ride With Pride,https://www.youtube.com/channel/UCiRIsMKRG4gE4SCySZASVLA
Madd Dawg ENTMNT,https://www.youtube.com/channel/UCwpTOkC1uHWmzFWB0E4SsaQ
Titania Tactics,https://www.youtube.com/channel/UC-79JhTnUv5a4wNfWqZDwXQ
alwaysharisht,https://www.youtube.com/channel/UCLF-mlcqVV88h39dhiDXo3A
codebasics,https://www.youtube.com/channel/UCh9nVJoWXmFb7sLApWGcLPQ
Illegal TravellerZ,https://www.youtube.com/channel/UCp0sUXwGMU2ral7BLhqVlyQ
Phpfamilia,https://www.youtube.com/channel/UC8mGlB_QqaJMY4Skw_3IBSg
muskaan doll,https://www.youtube.com/channel/UCGf1VjWj_0WawS4crjtqNNg
Doctors HS,https://www.youtube.com/channel/UCJB8IeOB23spYPpJHx4xKMQ
Acharya Parasmani,https://www.youtube.com/channel/UCsZqkxQL9aegsfTJyE85VcA
# Nikhil bhai 786,https://www.youtube.com/channel/UCnHYxF16AylE9LGjNy54ynw
Snowie Gaming,https://www.youtube.com/channel/UCoe_aj1VemvCj1q3nn6UTGQ
GAMINGCRYPT,https://www.youtube.com/channel/UCDxODBqVIgcQ0AnOsFG8s9w
Raka Patil,https://www.youtube.com/channel/UCLD4qxy-ktGcL2Z_tcRuU5A
Harsimran Attli,https://www.youtube.com/channel/UCgTzj8F0wWmoKEC1O0f0dwQ
kushinagar supper dance,https://www.youtube.com/channel/UCJBcOORtIKicwefqubP5d9w
Aman Panwar,https://www.youtube.com/channel/UC1U5mJIEU4xRco8L4BSXPwQ
MuftiGamingYT,https://www.youtube.com/channel/UCh10BA49O3-YnF804GeMhLw
DS ADVICE,https://www.youtube.com/channel/UCRqQUVZet03cMMTWjqVBfWA
KadamOP Vlogs,https://www.youtube.com/channel/UCcuMLTijY39htV4_q0gqexw
nagori chhora vlogs,https://www.youtube.com/channel/UCJvKx0_WUWGU11JVAVisKfw
Ashish funny video,https://www.youtube.com/channel/UCu1IRl91wN9IkAiCNziqV0A
MT Production,https://www.youtube.com/channel/UCGO4RvGEKCh1Yeeur_-NR9w
Beast Shorts,https://www.youtube.com/channel/UCIFZzBWfcGtXi1iB_jxoCPA
Dream Land,https://www.youtube.com/channel/UCiZIknJcGc9_tkc9zYrW9fQ
Mustufa Vlogs,https://www.youtube.com/channel/UCuyQk-cFzUh0dkRn78gBL-g
‡®∏‡©±‡®ö ‡®ï‡®ø‡©±‡®•‡©á ‡®Ü Sach Kithe Aa,https://www.youtube.com/channel/UCLxw5GyikMvuRmtON7CvyoA
Mr & Mrs Darbar vlogs,https://www.youtube.com/channel/UCPheKdLCV2eUU6Zx_hPRI5Q
Deepa Upreti Official,https://www.youtube.com/channel/UCS6YM_wsixjNcmVjiQrmM7w
meme puram,https://www.youtube.com/channel/UCe_WYj2PYAnSAwvTqMZku-A
CrossFitcluB,https://www.youtube.com/channel/UCSywkoKMvG2JIuTUSX5ZtWA
‡§∂‡§ø‡§µ‡§æ‡§∞ ‡§´‡§ø‡§≤‡•ç‡§Æ ‡§™‡•ç‡§∞‡•ã‡§°‡§ï‡•ç‡§∂‡§®,https://www.youtube.com/channel/UCZLjqv2Tf3gsTg91wd0oC7g
Sandeep Yadav Vlogs,https://www.youtube.com/channel/UCzw4NvtHsef-AxSLmO-I3Fw
KAMAL HERE,https://www.youtube.com/channel/UC9rsyjDVJUkVoApw8wzn3uQ
Trading with Groww,https://www.youtube.com/channel/UC9o1F_8M5B1hZ00posMaY0g
Arafat Vloge,https://www.youtube.com/channel/UCNih_p6dHxACpXFutvigqUg
Xtec2.0,https://www.youtube.com/channel/UCEOcKuOAWumcwDQl3VAPiSQ
kr Shivam Vlogs,https://www.youtube.com/channel/UC5hf8F0tqAE-nHqGgipQoAQ
Fitness Naturo,https://www.youtube.com/channel/UCFjxFMyKs5_0beLv1xQphFA
Arafat Vloge,https://www.youtube.com/channel/UCNih_p6dHxACpXFutvigqUg
@char chhapri vlogs,https://www.youtube.com/channel/UCzWSRbFTJFOr8sjjMkpSdhQ
Xtec2.0,https://www.youtube.com/channel/UCEOcKuOAWumcwDQl3VAPiSQ
suzan,https://www.youtube.com/channel/UC6CrUJYnTLTIUappR1271MA
Yogesh Kumar,https://www.youtube.com/channel/UC2cSUtFe5NuaOSsBm-V5WuA
MANU Reactx üé¨,https://www.youtube.com/channel/UCZnJmOq8lN5w1wAi3jGJ5pA
Masjid Al Haram Makkah,https://www.youtube.com/channel/UC7TqmUtJD7al11p0UHF14Ig
KHENG,https://www.youtube.com/channel/UCQUboIdJDYNRILd0SY5XWBg
Dhruva tanwar vlogs 1999,https://www.youtube.com/channel/UCnaJjMghYZFY91pY6iZ-cjg
rider palampur wala,https://www.youtube.com/channel/UCATCAmf_t0teUNhg2aOY8VA
DraculaGamingYT,https://www.youtube.com/channel/UCZwm3QxOej90yGTnxP63I7w
Trading with Groww,https://www.youtube.com/channel/UC9o1F_8M5B1hZ00posMaY0g
Snowie Gaming,https://www.youtube.com/channel/UCoe_aj1VemvCj1q3nn6UTGQ
Bhojpuri Gana,https://www.youtube.com/channel/UC9tltSsMF7iVTgbLPZQsteA
rUpendRa rAwAt,https://www.youtube.com/channel/UCAXiK52HTK6p_-DCSJNzrmw
Deeps turbanator's,https://www.youtube.com/channel/UCH-ouesbQueqPaHQfOUjCCQ
KadamOP Vlogs,https://www.youtube.com/channel/UCcuMLTijY39htV4_q0gqexw
Pammi Pandey,https://www.youtube.com/channel/UCEg12Q-7DrPlBGMatWc2RYw
Anagha.,https://www.youtube.com/channel/UCYjmZVwNxEfOKoPQwAxuxiw
Munawar Faruqui,https://www.youtube.com/channel/UCeb6i-xYMtfpWg0n3WXsbtg
Real Moh8en,https://www.youtube.com/channel/UCtvCzXqCouXU680QkkSrZUA
TanmaymanralVlogs,https://www.youtube.com/channel/UCpQSYkuJsL5A5RiIMJauzSA
HOPE UMP,https://www.youtube.com/channel/UCA0j06rsXjfoCpJ-E3Zb3WQ
K. N. S.  Films & Music,https://www.youtube.com/channel/UCxh3lxxYieZgEOWCwS0GOiQ
P.D. music ,https://www.youtube.com/channel/UCmGHFZwkbsyQKxv4vLCOb_A
Ledrock gamer,https://www.youtube.com/channel/UC6YoChuVamys9uKWnaAoM8g
Shabana's Kitchen 1M,https://www.youtube.com/channel/UC_R-k1YJfqQzkipTt7I4ChA
Trpsports24,https://www.youtube.com/channel/UCphcJX4P1THnQfMTAgRAmAg
crazy inventions,https://www.youtube.com/channel/UCgzEf0Amh19BV7MEJasR4Dg
VIPINKUMAR YADAV,https://www.youtube.com/channel/UCrtw92wMBVVfdKhquLprPJQ
TELUGU CRICKET MYSTERY,https://www.youtube.com/channel/UC0GQejXTSlX7wjGA0jedlSw
Xmirrza,https://www.youtube.com/channel/UCcta0q5GRV_9QUVo2r_bPDQ
Techmore03,https://www.youtube.com/channel/UCoWgthzEr2rYD3W4Je5se_Q
_Yadavlogs_,https://www.youtube.com/channel/UCUrzdwxo96B2ErFMsKsSzlw
BOSHISTO GAMING CHENNAL,https://www.youtube.com/channel/UCZjkCx3LGnTZtCzlQV_FfLQ
It's Dhanesh,https://www.youtube.com/channel/UCiQ6SMqz1jqphXnBKzk5tEA
boletoneha vlogs,https://www.youtube.com/channel/UCa1FPuqHg2xhd-28eggK9Rw
NASIR MEWATI,https://www.youtube.com/channel/UC7Xg9Wr6s8083MYz4kvxwQQ
Unseen Explorer 1002,https://www.youtube.com/channel/UCooO6nY2WO8mGs2ylgI0oGg
Noob Hackers,https://www.youtube.com/channel/UCzQxjjoIV7HHMvH5kOgvlXg
Vinayak B,https://www.youtube.com/channel/UC9XQMbdkMwqttwhtT-XkE8Q
While Spark Throttle,https://www.youtube.com/channel/UCDqWhSmiE5Ft6LCD63zRK-Q
rlfact,https://www.youtube.com/channel/UC6JqsyqJq3oJvuVx5RR532g
SASTA GAMER YT,https://www.youtube.com/channel/UC0-5IVvEVLCByo5dS-xhn_w
maner vines,https://www.youtube.com/channel/UCZatVBswKNOZkFhcrNUbtWw
Gum_Nam_rider_3316,https://www.youtube.com/channel/UCWY20B_0qrwQCkbZpmv9z1g
Garhwal Gunmay&Gargi vlogs,https://www.youtube.com/channel/UCfY4j88EfKMBpjRXbfTh2hw
Suraj Patel || SMM,https://www.youtube.com/channel/UC1p9xbjM4eHdbjCQ4pZcgRw
Trading with Groww,https://www.youtube.com/channel/UC9o1F_8M5B1hZ00posMaY0g
boletoneha vlogs,https://www.youtube.com/channel/UCa1FPuqHg2xhd-28eggK9Rw
Kartik Arora Vlogs,https://www.youtube.com/channel/UCeS0SeIJ-vyrGNoOvDv8c5g
bablu banna vlog,https://www.youtube.com/channel/UCaJrj5QM7RREr8RYtdEMM-g
Unseen Explorer 1002,https://www.youtube.com/channel/UCooO6nY2WO8mGs2ylgI0oGg
Noob Hackers,https://www.youtube.com/channel/UCzQxjjoIV7HHMvH5kOgvlXg
HaNi Daries,https://www.youtube.com/channel/UCxnuuffqGlAU2stV3oVlpIA
TravelaMatic,https://www.youtube.com/channel/UCPZ5Fm2tBVdmDaVsc1K5bPg
Vinayak B,https://www.youtube.com/channel/UC9XQMbdkMwqttwhtT-XkE8Q
Tegonity Studio,https://www.youtube.com/channel/UCbRcrMMBwrpMeR81FPCvREw
maner vines,https://www.youtube.com/channel/UCZatVBswKNOZkFhcrNUbtWw
Villain_Captures,https://www.youtube.com/channel/UCBCJXoLxRDvQjHzvOljALtA
Gum_Nam_rider_3316,https://www.youtube.com/channel/UCWY20B_0qrwQCkbZpmv9z1g
Suraj Patel || SMM,https://www.youtube.com/channel/UC1p9xbjM4eHdbjCQ4pZcgRw
Almas Shaikh,https://www.youtube.com/channel/UCSXEq4Xpgiz8hJinCN5LH3Q
RIDER ANIL RAWAT464,https://www.youtube.com/channel/UCNMRDiqf_ry-N45u2vjM2sw
Deepak vlogs,https://www.youtube.com/channel/UCpzK67hWnYiBhQO8YoYv2lw
Asma Khanam,https://www.youtube.com/channel/UCdX_KVt0S-B0wvVCPHwmRwg
Travel & Food with Suraj,https://www.youtube.com/channel/UCi9LnEUk9LNVeHLcbaijoPQ
TfDesi Hindi,https://www.youtube.com/channel/UCH3BufBtj0Ox9iGWCJ640ag
SA MUSIC WAVES STUDIO,https://www.youtube.com/channel/UCM_nbZv_AZwc35GBlSR1H8w
Shorts Time,https://www.youtube.com/channel/UCknarVNFBvLp835UX2owS9w
Tanishaness,https://www.youtube.com/channel/UCWjpVGtdCZMau0WxLRohLvQ
crazy fishing samad patel,https://www.youtube.com/channel/UCfcKEKeTVIKI3--NzqqoaIw
Meer Emraan,https://www.youtube.com/channel/UCDMxjlxzdjbeBsQeo5egHqg
Jash Sharma,https://www.youtube.com/channel/UCaNMDf_NzrvFiwUjeZrQdPw
Shabbu ki TECH ,https://www.youtube.com/channel/UCVtzC3W6w4LuNlvE0ETEG3w
superstar_dewasi99,https://www.youtube.com/channel/UC8M8cwhL63UXqwwZZZfhW_g
TheGuyWithFacts,https://www.youtube.com/channel/UCVjUgs47KpgOr-JSi0APRDQ
Kimig George,https://www.youtube.com/channel/UCHk8MqDR47SkgOOjdoqQclA
rlfact,https://www.youtube.com/channel/UC6JqsyqJq3oJvuVx5RR532g
WildestVlogger2.0,https://www.youtube.com/channel/UClFUeVywCJJy2xn_SQsugWQ
Malenaadu kannada,https://www.youtube.com/channel/UCxZled-rF15oGFKENb4P3mw
fooodie pannya,https://www.youtube.com/channel/UCBzfppvA5t7raHsa9m_qWXw
üíØcircket„Ää    „Äãisdeck 2müíØ,https://www.youtube.com/channel/UCDFPc9fCzXRTubBB62WA-yw
Aniket Raut,https://www.youtube.com/channel/UCFf5txu_Y0GB_4JlUx0KnPw
STAR MUSIC,https://www.youtube.com/channel/UCUbLdD1hr-Bo0kzeHLQbzPg
TB Rock,https://www.youtube.com/channel/UCuXur_WpNHoPYfnAtdPvANA
i'm Indian,https://www.youtube.com/channel/UCxv7UJa5Ml8ze1yCPOENsTw
Yogiraj Chaudhary Vlogs,https://www.youtube.com/channel/UC5CJPoZRcUbCLYxDdckbOsg
himanshu_rajauriya_,https://www.youtube.com/channel/UCs3OdZw_8l9O_QM3UmkP9Og
RK SIHRA EDITING,https://www.youtube.com/channel/UClZQChYuhfkOEFOM51kI9ew
Amarjeet Kuman,https://www.youtube.com/channel/UCoESddZGO8I6HYpCu4ftPmg
Tech SaQib Raza,https://www.youtube.com/channel/UCm9nRTXcJSoIYCx84wIsnaw
YuweeN ‚ò∫vlogs nd sings,https://www.youtube.com/channel/UCAkPSQBf9E-qBFs9MM_DYMQ
Learn N Prep - Bank Exam,https://www.youtube.com/channel/UCqP1A5gS-waF63-3LoKhVAQ
Bodo Vlog,https://www.youtube.com/channel/UC4Z1zXzkqT8fxGJ6xaO42jA
top respect,https://www.youtube.com/channel/UC6GbBv0EyKoPc5VL-iBlktg
T_series_07,https://www.youtube.com/channel/UCyTXGRJwVA9RqIOZab1jlyQ
Uma Verma,https://www.youtube.com/channel/UCTkCY5Y9pD6kMQh3_5Sw9Gw
ajju sabriya,https://www.youtube.com/channel/UC_63dJ6LRcy_HnA1A1a6roA
Neeraj Chaurasiya Shorts,https://www.youtube.com/channel/UC_yFHy1guhWsxmiAs7x82hw
komal khamkar,https://www.youtube.com/channel/UCAbaFL4OZnQ_i1vD8WE8kaA
WORLD OF JAGU,https://www.youtube.com/channel/UCwckfgqrUw6JyYK8mfdZ2UA
Duo Diaries,https://www.youtube.com/channel/UC-TY15jjiWFXuISlVGNRz4Q
amaredits,https://www.youtube.com/channel/UCN7HAI8m_aF6EXHAA9OCQIw
SSK Chaurasiya Ji,https://www.youtube.com/channel/UCF13Qgm1U2xjGdFJ3p6wvVA
Patna Memes,https://www.youtube.com/channel/UCgKGbJzPl4Jn0fBxw681fQA
travel__guru,https://www.youtube.com/channel/UCMROM129xYvN2kM0nPpGBYw
Sameer hasan9,https://www.youtube.com/channel/UCpFPi8BJFUGWmbvuyw0aamA
BS2K VLOGGER,https://www.youtube.com/channel/UCcSzwAo6Y9XpMG1vO8hXAAg
QasiMusic,https://www.youtube.com/channel/UCuPeloOqT7k7X3cT8XsCHsg
Dynamite Cuber Hitesh,https://www.youtube.com/channel/UCgSyMkljMth9XxWXuHVcKLg
@Raman Official,https://www.youtube.com/channel/UC9q6S0LOskNrOCGLgpn-jzA
I-Toyverse&Games,https://www.youtube.com/channel/UC8rgO17Kq5Nn0UOFf6SdMeQ
Dabas Brothers,https://www.youtube.com/channel/UCieHwOFi2suNfbduz4XK11A
Jyotsna Mehandi Art,https://www.youtube.com/channel/UCEKSBEMu9Lk2QyXv4mCRMDg
M.D Roj dely vlog,https://www.youtube.com/channel/UCozSKlObfMakw4Ff13FNLjw
Mini Short,https://www.youtube.com/channel/UCzdqotcizRdBtC-r9R9zxTQ
T-Mission,https://www.youtube.com/channel/UCn_im21Yze4bnfHR6SE4Jxg
STARK GFX,https://www.youtube.com/channel/UCUrCs8QIiCSkN4M1iiF0etQ
Sarada Silwal,https://www.youtube.com/channel/UCoYanUf1yDpaQMTVOHt3GXA
sg_cricket_45,https://www.youtube.com/channel/UCZqymzk-TChqxfoUa7cR_-Q
Neelam Jain Vlogs,https://www.youtube.com/channel/UCiKNpXCWeuWf-KDGs7i6hcw
S kDulal king. My Life video,https://www.youtube.com/channel/UCOjMK_v_gXLvzGx9ehz7u4A
Priyansh lifestyle ,https://www.youtube.com/channel/UCiio3uKnlQZjRcB-zuOBTBg
RB ki Vlogs shorts,https://www.youtube.com/channel/UCggnz1_7BOq_nbeyx6qvSSw
bachal ka ladla,https://www.youtube.com/channel/UCnxLO07Wp3hKce5trHQg87A
T_series_07,https://www.youtube.com/channel/UCyTXGRJwVA9RqIOZab1jlyQ
Manjari Nayak,https://www.youtube.com/channel/UCp79w3Wsh9XWIeUZSVkCAHQ
Javid Maroof,https://www.youtube.com/channel/UCGbjzEBmzesohy3F_-F_sbQ
iraniplayer,https://www.youtube.com/channel/UCHRlLCGGZmj-08fItU36YvQ
Magic Trick,https://www.youtube.com/channel/UCfYmia43tnTQnX1pYZwrdjg
sahukara ke vlogs,https://www.youtube.com/channel/UCE2emdwwiQZXJPMpM9wmUXQ
Hitman Legends,https://www.youtube.com/channel/UC1ZIN3X3RJELUbfFx-F127Q
Due2Hacks,https://www.youtube.com/channel/UCLGBvVf2jGE0Dj07q2sq9lA
PRADEEP DANCE CLUB,https://www.youtube.com/channel/UC8iuguqlZgJQ4CGKFWgns1g
Chirag Yaduvanshi Vlogs,https://www.youtube.com/channel/UCMfWfVzDkWLz41QpytkV_gg
Dhruv Mishra(dhruvshi),https://www.youtube.com/channel/UCyKOHaJ4kz73emFupuQk8tw
LEADER YT,https://www.youtube.com/channel/UCqUqTJvEUaWKWO2fuhY8Eww
Khushi Kumari,https://www.youtube.com/channel/UCQKsIPKAXWAxiAt6G4jDgNw
Mr Deals,https://www.youtube.com/channel/UCA2oYnj6tfCP22N7FIaJc7A
DEVRAJ MAHAR,https://www.youtube.com/channel/UCJH7QJirjD95WnNVIqxZbEg
Bishnupriya sahoo,https://www.youtube.com/channel/UCou2Nbam_3DH8-bJc1EteCw
S.S__STUDIOS,https://www.youtube.com/channel/UCzE8RwrD9CYPoC2j-LHO7qw
Nepal üá≥üáµlive news,https://www.youtube.com/channel/UCa5L8OpS3qczcDeIF-GzgUg
INDIAN ARMY LIFE,https://www.youtube.com/channel/UCBhnTeZgdcHo4wOq_WO-Spw
üôè.JAY_MELDI_MA.üôè,https://www.youtube.com/channel/UCGdefOn-RgFuM1lQPXtiGFw
up 043,https://www.youtube.com/channel/UCa61CvMl0WfTR1eMBEdR8uQ
DV Vlogs,https://www.youtube.com/channel/UCNmq1fWmYYTW9XE7ft6pBBg
QasiMusic,https://www.youtube.com/channel/UCuPeloOqT7k7X3cT8XsCHsg
@Raman Official,https://www.youtube.com/channel/UC9q6S0LOskNrOCGLgpn-jzA
I-Toyverse&Games,https://www.youtube.com/channel/UC8rgO17Kq5Nn0UOFf6SdMeQ
Jyotsna Mehandi Art,https://www.youtube.com/channel/UCEKSBEMu9Lk2QyXv4mCRMDg
M.D Roj dely vlog,https://www.youtube.com/channel/UCozSKlObfMakw4Ff13FNLjw
Mini Short,https://www.youtube.com/channel/UCzdqotcizRdBtC-r9R9zxTQ
STARK GFX,https://www.youtube.com/channel/UCUrCs8QIiCSkN4M1iiF0etQ
Sarada Silwal,https://www.youtube.com/channel/UCoYanUf1yDpaQMTVOHt3GXA
sg_cricket_45,https://www.youtube.com/channel/UCZqymzk-TChqxfoUa7cR_-Q
Neelam Jain Vlogs,https://www.youtube.com/channel/UCiKNpXCWeuWf-KDGs7i6hcw
S kDulal king. My Life video,https://www.youtube.com/channel/UCOjMK_v_gXLvzGx9ehz7u4A
bachal ka ladla,https://www.youtube.com/channel/UCnxLO07Wp3hKce5trHQg87A
T_series_07,https://www.youtube.com/channel/UCyTXGRJwVA9RqIOZab1jlyQ
Manjari Nayak,https://www.youtube.com/channel/UCp79w3Wsh9XWIeUZSVkCAHQ
Javid Maroof,https://www.youtube.com/channel/UCGbjzEBmzesohy3F_-F_sbQ
Magic Trick,https://www.youtube.com/channel/UCfYmia43tnTQnX1pYZwrdjg
sahukara ke vlogs,https://www.youtube.com/channel/UCE2emdwwiQZXJPMpM9wmUXQ
Hitman Legends,https://www.youtube.com/channel/UC1ZIN3X3RJELUbfFx-F127Q
ùêáùêå ùêÇùê´ùêûùêöùê≠ùê¢ùê®ùêß ùêáùêûùê¶ùêöùêßùê≠,https://www.youtube.com/channel/UCH7XbfJIFFkaiwj80HQgTsA
Dhruv Mishra(dhruvshi),https://www.youtube.com/channel/UCyKOHaJ4kz73emFupuQk8tw
LEADER YT,https://www.youtube.com/channel/UCqUqTJvEUaWKWO2fuhY8Eww
Khushi Kumari,https://www.youtube.com/channel/UCQKsIPKAXWAxiAt6G4jDgNw
Mr Deals,https://www.youtube.com/channel/UCA2oYnj6tfCP22N7FIaJc7A
DEVRAJ MAHAR,https://www.youtube.com/channel/UCJH7QJirjD95WnNVIqxZbEg
Bishnupriya sahoo,https://www.youtube.com/channel/UCou2Nbam_3DH8-bJc1EteCw
S.S__STUDIOS,https://www.youtube.com/channel/UCzE8RwrD9CYPoC2j-LHO7qw
Nepal üá≥üáµlive news,https://www.youtube.com/channel/UCa5L8OpS3qczcDeIF-GzgUg
üôè.JAY_MELDI_MA.üôè,https://www.youtube.com/channel/UCGdefOn-RgFuM1lQPXtiGFw
up 043,https://www.youtube.com/channel/UCa61CvMl0WfTR1eMBEdR8uQ
DV Vlogs,https://www.youtube.com/channel/UCNmq1fWmYYTW9XE7ft6pBBg
Meekneser Shorts,https://www.youtube.com/channel/UCt-_A95h7E3bvhBfMGAmRDw
Omkar31Vlog,https://www.youtube.com/channel/UC1QOrWMas6NBMCuvxdRFhfA
SonaliBiswasOfficial,https://www.youtube.com/channel/UCcgv8y8jigMyTI99JxjmB1g
mohammad iliyas,https://www.youtube.com/channel/UCVeD0s-c3Us-6ieAg71xHSQ
Kassywynd,https://www.youtube.com/channel/UCkpqRHPdBm9SfQkMfbwyP8w
Deepak Rajput,https://www.youtube.com/channel/UC99QHBgFoiSzNxdFuwpf4OQ
EVA'S UNIQUE WORLD,https://www.youtube.com/channel/UCFQ4dTjVVQDxVRqWlpGuS3w
mom status,https://www.youtube.com/channel/UCkGBx3W2-8WSeDL-u_-1HoA
Mommy Editx,https://www.youtube.com/channel/UCLjaml8YliLtKsEZ6JRA5Qw
–º—ï  Œ±–º–≤Œπ–∫Œ±  ŒΩŒπœÅ,https://www.youtube.com/channel/UChgYHgtUmkYBj9TozEHlSvw
Pump-it-Up Zone,https://www.youtube.com/channel/UCpoX1TOZ1Y0SabXcCrRoKUw
Creative Mind 1.0,https://www.youtube.com/channel/UC7UkYbtnLjw64EZBFG4JQVw
Raj Fun Yt,https://www.youtube.com/channel/UCjG6fDTAGeuraG_p5HhgBMA
Jenine Tube,https://www.youtube.com/channel/UCjVJD2nJ2Hp5SH6PfnrduWA
discount mega mart,https://www.youtube.com/channel/UCo0_A4VNjfUcWyl3nZuCzkw
MANOT SPORTS WORKS ,https://www.youtube.com/channel/UC7skUipWGLQNltdGp_6GPDw
THUNDER GAMING,https://www.youtube.com/channel/UCHSDFcqgfX_wYPG3LTom9ZQ
Jackpot trading short,https://www.youtube.com/channel/UCGr1DRp4AHJRFbMCwDkgTJQ
N_I_R_U,https://www.youtube.com/channel/UCR2ANvN-a1Y_EE7wTxD7hYA
Thakur reaction Shorts,https://www.youtube.com/channel/UCBEg-UXqtCKmgO2dPQqx3Qw
slowedreb,https://www.youtube.com/channel/UC4KSAov6SafGfW9zOFoI5Mw
Narayan Vlog,https://www.youtube.com/channel/UCyErc827n8eBLgqu_O26crg
danishxzehenfan,https://www.youtube.com/channel/UCKFtOa-DNk9ui48nC5Byh-Q
Unknown Facts,https://www.youtube.com/channel/UC66SfXp0Zm3zqVBumq0dAIg
DINU PATODI,https://www.youtube.com/channel/UCidNiDptTtll2PTpVGN2XEg
Rakhee Chorge,https://www.youtube.com/channel/UC77Tsg5oMsWHDX5Q4-VIU_g
Enjoy With Jaiom,https://www.youtube.com/channel/UCTCG8LBR0_z_Cr0IckWjlcQ
Œπs–Ωu,https://www.youtube.com/channel/UCn09GRhizZoFCwV2W-oVBrg
Arpitadalia,https://www.youtube.com/channel/UCo9kElid892OzSmKlooc6Tg
mallika__sumedh_2003,https://www.youtube.com/channel/UCgn9oxtax6nJyFOxx6NarJQ
LOVE__STATUSZ,https://www.youtube.com/channel/UCkGxmwxd4IbD32sj-dWy5aA
Pintu Rider,https://www.youtube.com/channel/UCeuUVr-HzuyEuCdtXEEB71w
Gaming Monk YT,https://www.youtube.com/channel/UCJit7XUfIcXvi7vUfuaDEVA
LAZY VICTOR,https://www.youtube.com/channel/UC1jg71BdbmSfZDUhmgEt9FQ
Bantu Shakya,https://www.youtube.com/channel/UCllayoXlklOe3fvzh8NC57w
ALL ROUNDER VJR,https://www.youtube.com/channel/UCYgo-knv6jmWqqxbc60ayVQ
Mahatha Status,https://www.youtube.com/channel/UCRMrTkPQHHh9WJ_APWwmusg
Pretty By heart,https://www.youtube.com/channel/UCFNBlbmV-pOVEL2TTxLxaew
The Cyrus OfficiaL,https://www.youtube.com/channel/UCTVO_4PhGymUuhUxj_67otw
Crazy Box,https://www.youtube.com/channel/UCI11aq8M8MsYabIOyurjVvQ
Himanshi Jangra,https://www.youtube.com/channel/UCWIw44neUzIkerGcMMZ3CnA
Daily gyan,https://www.youtube.com/channel/UCmqLR4Qmx3orjtCjvXh2qhg
thakurgarvsinghrajput,https://www.youtube.com/channel/UCFpwmY5HDp3vC8x2yHhxXow
üèπRD07_VLOG! üé¨,https://www.youtube.com/channel/UCip89jznJYZXJr0lyjhbzfQ
Neeraj Sharma,https://www.youtube.com/channel/UCRs045EKm2ZGCqtPQX2gXUw
crazy feku,https://www.youtube.com/channel/UC2HFeCnEz37kHlaC39ENtvw
M.R SAKTI __MAHAKAAL_STATUS_ZONE,https://www.youtube.com/channel/UC-PjNC8YHFdENobWJwAiMlA
Vlogger Narayan,https://www.youtube.com/channel/UC9JindzW_v5criTdgURp5AA
ANOK'S TRADE ,https://www.youtube.com/channel/UCoAQY0G56kOpqWQG9WkvXPA
Smart Boy,https://www.youtube.com/channel/UCEdB212oGIPOxmccu1ZnSDg
The  ACE,https://www.youtube.com/channel/UCk9oxXOzXVP5lf8arQ-0MQA
Rahul Bong Guy,https://www.youtube.com/channel/UCo0vE_60SGSHgwt3BXwbYZA
DesiFakes,https://www.youtube.com/channel/UCHkfBNFPJeEuc_OxBl-lJfQ
Manish Aryan,https://www.youtube.com/channel/UCSyigPovdv0jCFYoNNiVlmw
DAS VINES,https://www.youtube.com/channel/UCx2Sqn0S1KeVY9indFxfzNg
venpeX,https://www.youtube.com/channel/UCU1DCDicanSkaRFJaUEhugw
Suraj rider dz,https://www.youtube.com/channel/UCYLHWSykWVj7UVJg6cw3gsg
Ziddi vlogger shorts,https://www.youtube.com/channel/UC9_S2UZTduBDA08bu5-31Nw
GAMING WITH PANTHER,https://www.youtube.com/channel/UC5YeE3qYHByBhmZrPRfcWvg
avmanew pandey 150,https://www.youtube.com/channel/UCzoyhIfE2MmhiLp2U7aCF8Q
Subscribe or next day you will Die,https://www.youtube.com/channel/UCWFPjPWcn6bZnR86PpF9mCA
Priyanka mongia official,https://www.youtube.com/channel/UCIJJCl1NiJdoLG7wRUNZEng
sharwan_singh_bhati_sinduka,https://www.youtube.com/channel/UCSVV7v1Y7cU3Ziug0Vb79Zw
Bbulls vs Bears,https://www.youtube.com/channel/UCtdsgH440Hh4Zt7IUGb2laQ
Comedy Hungama,https://www.youtube.com/channel/UCj4Gc3arjl8Hd3YlxEl9ilw
X M‚àÜSUP BE‚àÜT,https://www.youtube.com/channel/UCZNvz8bsJ7giQacLumsUlGw
Top Kokborok.,https://www.youtube.com/channel/UC6aKowMf7M5wo0VWCpsICbg
KALADWEEP,https://www.youtube.com/channel/UCZOTbOmGm3RGig4dK-2-A_g
Soothbeats_zw,https://www.youtube.com/channel/UCCxJcEjzXU-IxWgATg4FoFA
Khushi vlogs shorts,https://www.youtube.com/channel/UCJ5KqDoONh10H2QcWQ0Fu3g
TARKI BOY YT,https://www.youtube.com/channel/UCIOyfzed8eOD5VB2-HnqCvQ
Thakur reaction Shorts,https://www.youtube.com/channel/UCBEg-UXqtCKmgO2dPQqx3Qw
CG k Fitness,https://www.youtube.com/channel/UCVV7sMUSwpFtBimo3hdcfPQ
THOMAS AWM,https://www.youtube.com/channel/UCcFvvK0IAWaNqyU8_Po5jBQ
NIL,https://www.youtube.com/channel/UCh2nTzDQER-iqv2yXuX635w
APS GK STUDY,https://www.youtube.com/channel/UCoisWYfelp3f-RNPJyR6MBQ
THE_CMD_,https://www.youtube.com/channel/UCqBql7Q1tdTJO0jjGpZQ-XQ
Kumard0360,https://www.youtube.com/channel/UCkLYJgIpOQfLs-PHCpf9xhg
Top10 Motivation,https://www.youtube.com/channel/UCok8mmdFSd3TFr-8iB5I3CA
Hariom meena (lala),https://www.youtube.com/channel/UCVEzTXkIxorweXVlaQyrlJg
VillainXnoctur,https://www.youtube.com/channel/UCvFVThW3M3M1zBWoXAYZ4hA
Sapna Verma,https://www.youtube.com/channel/UCFxPam-0Oxy5ITMipPl44aA
krithi.shetty.officiial,https://www.youtube.com/channel/UCJ8kzyRQn6mdpwzDi6NxLSg
 ô·¥°‚òÖ·¥ò·¥úÍú± ú·¥ã·¥Ä Ä,https://www.youtube.com/channel/UCIllIE_Sbk3h39WWz4A58rw
Bongguyrahul,https://www.youtube.com/channel/UCWmVH7BJYE3KIiRFdMDlWXw
"üñåÔ∏èùêÄùê´ùê≠ ùêõùê≤ ùêÄùê´ùê≠ùê¢ùê¨ùê≠
üé®",https://www.youtube.com/channel/UCRymAIn_O5COizGQVKJCEZA
–º—ï  Œ±–º–≤Œπ–∫Œ±  ŒΩŒπœÅ,https://www.youtube.com/channel/UChgYHgtUmkYBj9TozEHlSvw
Vijay dahiphale,https://www.youtube.com/channel/UCQVlfZJrGiE60VyvyawdGfA
@sameer_fitness06,https://www.youtube.com/channel/UCIP-e9XhQTF7GbZrfcXpguw
Aman Gupta,https://www.youtube.com/channel/UCjUinuOKKNBWYCn98UuamGQ
Sunil Prajapati mp93,https://www.youtube.com/channel/UCcwKiDarE6FEaAFZdiy2Ctw
Anandi Bose,https://www.youtube.com/channel/UCe4l9X5WfBf_XVnJUfzIVCQ
NITTU_FF,https://www.youtube.com/channel/UCoqxcihE7aEt_JwhqHnMRpw
@divyanaik,https://www.youtube.com/channel/UCQ7QFRQybKCeW-g89E__OpA
Sohail attar,https://www.youtube.com/channel/UC9NGpGfQtJlvWthzrb3TD3A
Kumar Suresh,https://www.youtube.com/channel/UCEf1sOr9WOGKnX3KDnfBIhg
‡§Æ‡§æ‡§∞‡§µ‡§æ‡§°‡§º‡•Ä ‡§õ‡•ã‡§∞‡§æ,https://www.youtube.com/channel/UCgVBjXOmnfH58XYsQYKsyVw
PAVANRAJA040,https://www.youtube.com/channel/UCeA05c3EV9CzNysCokBkBGw
PremSager786,https://www.youtube.com/channel/UCvFgJxk_qHMe8g3y1lktvmg
1.13.7.officialminama,https://www.youtube.com/channel/UCltKw5fEaXMoB02NnQ27Iow
Mr raj renzo,https://www.youtube.com/channel/UCvCcEgVU4O5aitdVG_E3sDA
technical Ankit,https://www.youtube.com/channel/UCwrPhEJYjvX9ctoHlMH6BkQ
Matrushwar Dodmani,https://www.youtube.com/channel/UCjuevY7UxQO0Wr7O2CoFlKg
Akash Kumar,https://www.youtube.com/channel/UCvZndChyeWNOwjSoESM_SCQ
DebayanRupam,https://www.youtube.com/channel/UCR-qEfy2SSzQIaSRKo3nq8g
ùóîùó°ùóúùóûùóòùóß ùó†ùóîùóûùóîùó†üí´,https://www.youtube.com/channel/UCxKeCdgd49_W8nTnNPi6VVw
Achal,https://www.youtube.com/channel/UCfuvfI1K3qt3G0apV7MEV5A
SIKOTAR_DHAM_CHALASAN,https://www.youtube.com/channel/UCTUHxIwDE6O6pDjK1347NZw
Superhit Chaudhary,https://www.youtube.com/channel/UCflsDdLCdhKjL4w_pAI2rQw
veer_yadav,https://www.youtube.com/channel/UCOJuacrIyimhB1GhTjAe4lA
‡®ï‡®Æ‡®≤‡®ú‡©Ä‡®§ ‡®∏‡®ø‡©∞‡®ò ‡®∏‡®∞‡®æ‡®Ç,https://www.youtube.com/channel/UCfLe1xx4grNmOJajTrs_gHA
viral Roy,https://www.youtube.com/channel/UCD5Pyi4oUxIj_PBIae1tOmQ
Monika Thakur,https://www.youtube.com/channel/UCuC00EqgCPxiSo7RHutnPDA
ALOK CREATION,https://www.youtube.com/channel/UCkY7b1cyHFcuKPgjnjEJBZw
Athira FF,https://www.youtube.com/channel/UCr_c3BOP59OuzUEeHmmSMEg
Haidar khan,https://www.youtube.com/channel/UCL-4yGgR0x2NK9CGgZ2RdzQ
Shivarty,https://www.youtube.com/channel/UCF8sVugKEugdxCtok3qXtUg
Pushpa gupta,https://www.youtube.com/channel/UCG2S5EAt7ZGjFAdl93EfB9g
gujarati__status_,https://www.youtube.com/channel/UCqElQEfuu8hPD78XDG4ZICQ
Anand kumar,https://www.youtube.com/channel/UCL7n4ybmzmv08el1K0HcSLA
1.13.7.officialminama,https://www.youtube.com/channel/UCltKw5fEaXMoB02NnQ27Iow
Mr raj renzo,https://www.youtube.com/channel/UCvCcEgVU4O5aitdVG_E3sDA
Matrushwar Dodmani,https://www.youtube.com/channel/UCjuevY7UxQO0Wr7O2CoFlKg
Akash Kumar,https://www.youtube.com/channel/UCvZndChyeWNOwjSoESM_SCQ
Pushpa gupta,https://www.youtube.com/channel/UCG2S5EAt7ZGjFAdl93EfB9g
ùóîùó°ùóúùóûùóòùóß ùó†ùóîùóûùóîùó†üí´,https://www.youtube.com/channel/UCxKeCdgd49_W8nTnNPi6VVw
Achal,https://www.youtube.com/channel/UCfuvfI1K3qt3G0apV7MEV5A
Superhit Chaudhary,https://www.youtube.com/channel/UCflsDdLCdhKjL4w_pAI2rQw
veer_yadav,https://www.youtube.com/channel/UCOJuacrIyimhB1GhTjAe4lA
‡®ï‡®Æ‡®≤‡®ú‡©Ä‡®§ ‡®∏‡®ø‡©∞‡®ò ‡®∏‡®∞‡®æ‡®Ç,https://www.youtube.com/channel/UCfLe1xx4grNmOJajTrs_gHA
viral Roy,https://www.youtube.com/channel/UCD5Pyi4oUxIj_PBIae1tOmQ
 Marketing Boy,https://www.youtube.com/channel/UCVo1RXfUIiXZm8jNtcrrt-Q
Monika Thakur,https://www.youtube.com/channel/UCuC00EqgCPxiSo7RHutnPDA
ALOK CREATION,https://www.youtube.com/channel/UCkY7b1cyHFcuKPgjnjEJBZw
Athira FF,https://www.youtube.com/channel/UCr_c3BOP59OuzUEeHmmSMEg
Shivarty,https://www.youtube.com/channel/UCF8sVugKEugdxCtok3qXtUg
Umar Shaikh,https://www.youtube.com/channel/UCdDqZyuWi6Y640BBl_0osCQ
World fact home,https://www.youtube.com/channel/UCzHCLS-7yPauTKWRxAdKRpg
curios vibe,https://www.youtube.com/channel/UCXg6wVX9r4OkmAnaqOoegSQ
rajauriya_himanshu_,https://www.youtube.com/channel/UCGuSVdI1d-HrepJVcE5re6w
Jeet vlogs,https://www.youtube.com/channel/UCCJvvK5wdfMlTUAkXXECBZA
GURUKUL,https://www.youtube.com/channel/UCYqCLYpU3kVkPaCXyC0RpGw
T-PRINK,https://www.youtube.com/channel/UCy7QEOdNl61sFbXCbryI3Ew
Yt Shorts video,https://www.youtube.com/channel/UCtLu6W90EA2L5f-JyIgXw8w
HIMANSHU OFFICIAL ,https://www.youtube.com/channel/UCx8vmVP1GvqCusy1Oq9J2OA
TrippyLife,https://www.youtube.com/channel/UCbdVYXGZdENLqx0_DUgdDEQ
Shaurya Srivastav,https://www.youtube.com/channel/UC_hoX1aUEwvhtXASxAgwqbg
madhu nayak,https://www.youtube.com/channel/UC2iG-LswtTox5NHfwC5io9Q
BSE_Bull_Fighter,https://www.youtube.com/channel/UCzgYRG3wF9HkYHCpxy9I5Dw
‡§∏‡•Å‡§∞‡•ã‡§Ç Ke ‡§∏‡§æ‡§• - ‡§∏‡§æ‡§•,https://www.youtube.com/channel/UCa1SlqlFmY1RVMAimKEz_dg
Chelsey Gaming,https://www.youtube.com/channel/UC13LSLkVDHUGzGcli95X6iQ
Mohit Panara,https://www.youtube.com/channel/UCDSI2FV5t-1sEnZdnEUtizw
DESI VLOGER,https://www.youtube.com/channel/UCwSFclVj1P3wS39zG1qUv2g
The RPi Prank,https://www.youtube.com/channel/UCpX5rvaulRMo2jblgLzVfRg
Live Support Axom,https://www.youtube.com/channel/UCoL51OqhcoRWG1_r79M-RDw
manu dance vi,https://www.youtube.com/channel/UCwuxDbWdW68IaMp7KGV2ZiQ
Pratik Bhavsar,https://www.youtube.com/channel/UCIV5bigzCahD8WFhufMmeQg
KI Official,https://www.youtube.com/channel/UCxGtOQJPZ7i8QQgc8GBnnLg
suresh_maheshwari.official,https://www.youtube.com/channel/UC9V7on1ikcP3isfy-lcIhEA
Jay Trailblazer,https://www.youtube.com/channel/UCsrOW9xzek1lmYD9hdh--cg
Er.Jennifer - The Designer,https://www.youtube.com/channel/UCocLxC9IIZIqAP6f4jhtRJw
Ujjawal Nayak Official,https://www.youtube.com/channel/UCne2C2WUYWtK1uBgeA11U5w
PRADEEP MADIVALARA,https://www.youtube.com/channel/UCZdwbAxylAlwU-ar_s44_bA
sycko surya,https://www.youtube.com/channel/UCSxlck9X396tMZ22BEaWpJA
update boy sachin,https://www.youtube.com/channel/UCXOpwDXO3erGWLan_F3imgQ
Rakib's Vision,https://www.youtube.com/channel/UCw4uiKru9QDiIVzXNt1C-OA
PS Technical,https://www.youtube.com/channel/UCrhkEQSFb7kamo8V-EqnhlQ
Yash Shambharkar,https://www.youtube.com/channel/UCV4tckAOia9zuyqBDnVJvQw
YOUTH BRIGADE 5M,https://www.youtube.com/channel/UC9WjdtTcZv96NpInXw52ApQ
SiZi Greeks ‡∞§‡±Ü‡∞≤‡±Å‡∞ó‡±Å,https://www.youtube.com/channel/UCnZ3zaKXo-gWhaDA4Y6vZmw
Yash Shambharkar,https://www.youtube.com/channel/UCV4tckAOia9zuyqBDnVJvQw
Tech & Updates with Suraj,https://www.youtube.com/channel/UCtaTf5xv80-Zw9RWwcINAEA
anshkapil4917,https://www.youtube.com/channel/UCDV-lvjsKCQDm5oOUc2Xjew
IndraJeet Shorts,https://www.youtube.com/channel/UC4--ryC4WCNMtFbcsWOqa7A
SiZi Greeks ‡∞§‡±Ü‡∞≤‡±Å‡∞ó‡±Å,https://www.youtube.com/channel/UCnZ3zaKXo-gWhaDA4Y6vZmw
The Placard Guy,https://www.youtube.com/channel/UCnF23bEayHhZyDqv2iG5HOg
New Rathod Channel,https://www.youtube.com/channel/UCemmNn80zP-Cc5swGjxeLrQ
Oflatestblog,https://www.youtube.com/channel/UClJYjIHIJjICH0JRYkiyOmg
FIRST CHOICE,https://www.youtube.com/channel/UCUZPdJwamzMIYdVdCJrgo9Q
drmanarslimi2,https://www.youtube.com/channel/UC9vVzqntrADJBRJ1MkzWDmg
Saini Fitness Home 2.0,https://www.youtube.com/channel/UCPBuGp_FtBimS5c85wXfe_A
mr king  Raj photo editing,https://www.youtube.com/channel/UC25xDSjI4LNZDyYf7LH_HDQ
KOMICIAN,https://www.youtube.com/channel/UC0rx__M8DNdIBQDPWYA0GxA
TOXIC GURUJI 2.0,https://www.youtube.com/channel/UCXiHOnZXewv1bG9_C15fuJg
Tushar Kd,https://www.youtube.com/channel/UCCeHnMjq-57OMVKj9Rqb9lA
Live Sonkar,https://www.youtube.com/channel/UCh9MAMYKoCvE-XgScR9Y0gg
official__SoNu,https://www.youtube.com/channel/UC-0PWNhGLVPzXKCKN7wlgrg
